{
    "resnet18": 0.03050964569,
    "resnet34": 0.04500128008,
    "vit_b_32": 0.0630437546,
    "wide_resnet50_2": 0.01704849357,
    "wide_resnet101_2": 0.03306519073,
    "vit_b_16": 0.01521971349
}