model,inference
wide_resnet50_2,0.08738585789998372
wide_resnet101_2,0.18668461713525983
vit_b_16,0.05042288647757636
