model,inference,train
resnet18,0.03050726930300395,0.3273578280896212
resnet34,0.04790701495276557,0.5140641642882761
vit_b_32,0.035010839700698855,0.695811438349496
