model,inference
wide_resnet50_2,0.059179823795954385
wide_resnet101_2,0.12472290138403574
vit_b_16,0.028365324404504563
