model,inference,train
resnet18,0.022294915318489074,0.18920409573917896
resnet34,0.03243721610969967,0.2791436794584831
vit_b_32,0.024347580936219956,0.37805186752724435
