model,inference,train
resnet18,0.0171311855316162,0.0824962168668223
resnet34,0.0262953744994269,0.12036359415645
vit_b_32,0.0204587282737096,0.155383597433039              
