model,inference
wide_resnet50_2,0.0476600420475006
wide_resnet101_2,0.100756496124797
vit_b_16,0.0208406213919321
